"Group","Phyla_n","Phyla","Lifestyles_n","Lifestyles","Hosts_n","Hosts","Niches_n","Niches","Groups_n","Groups","Genomes_n","Genomes","Accessions_n","Accessions","Predictions_n","Predictions","Indicators_n","Indicators","avg_length","avg_C","Pfams","Pfams_n"
"Group 1",1,"Ascomycota",1,"Antagonistic to plant pathogens",1,"Plant",1,"Mutualist",1,"NA/NA/Hyd2",1,"THA",1,"THA_XP_024771806-1",1,"Secreted",1,"OUL_CU",100,9,"Hydrophobin_2",1
"Group 10",1,"Basidiomycota",4,"saprotroph, mycorrhizal, Insect mutualist, Plant pathogen",2,"Plant, Insect",3,"Saprotroph, Mutualist, Pathogen",2,"6C/Hyd1/NA, NA/Hyd1/NA",4,"SST, TMA, LGO, FPI",132,"SST_KIJ22510-1, SST_KIJ24468-1, SST_KIJ25094-1, SST_KIJ25107-1, SST_KIJ25108-1, SST_KIJ25111-1, SST_KIJ25112-1, SST_KIJ25836-1, SST_KIJ25843-1, SST_KIJ27926-1, SST_KIJ27927-1, SST_KIJ27928-1, SST_KIJ27929-1, SST_KIJ28119-1, SST_KIJ28120-1, SST_KIJ28121-1, SST_KIJ28123-1, SST_KIJ28124-1, SST_KIJ28295-1, SST_KIJ28433-1, SST_KIJ29212-1, SST_KIJ29213-1, SST_KIJ29214-1, SST_KIJ29215-1, SST_KIJ29928-1, SST_KIJ29994-1, SST_KIJ33381-1, SST_KIJ35373-1, SST_KIJ38284-1, SST_KIJ38285-1, SST_KIJ38656-1, SST_KIJ38668-1, SST_KIJ38674-1, SST_KIJ38682-1, SST_KIJ40030-1, SST_KIJ41343-1, SST_KIJ41357-1, SST_KIJ45031-1, SST_KIJ46086-1, SST_KIJ46686-1, SST_KIJ47881-1, SST_KIJ48481-1, SST_KIJ48484-1, SST_KIJ48486-1, SST_KIJ48487-1, SST_KIJ48488-1, SST_KIJ48513-1, SST_KIJ48514-1, SST_KIJ48515-1, SST_KIJ48518-1, SST_KIJ51965-1, SST_KIJ53975-1, SST_KIJ57419-1, TMA_KAF8228349-1, TMA_KAF8228350-1, TMA_KAF8228375-1, TMA_KAF8235005-1, TMA_KAF8239593-1, LGO_jgi_LeugonAS2_1_1852652_e_gw1-157-19-1, LGO_jgi_LeugonAS2_1_2142293_fgenesh1_pg-110___10, LGO_jgi_LeugonAS2_1_718679_CE718678_13649, SST_KIJ25838-1, SST_KIJ27960-1, SST_KIJ38659-1, SST_KIJ38673-1, SST_KIJ43517-1, SST_KIJ43733-1, SST_KIJ48245-1, SST_KIJ51363-1, FPI_EPT04786-1, FPI_EPT04787-1, FPI_EPT04793-1, SST_KIJ23317-1, SST_KIJ23892-1, SST_KIJ25024-1, SST_KIJ25109-1, SST_KIJ25837-1, SST_KIJ25844-1, SST_KIJ27679-1, SST_KIJ28126-1, SST_KIJ28287-1, SST_KIJ28292-1, SST_KIJ28430-1, SST_KIJ29211-1, SST_KIJ29277-1, SST_KIJ29927-1, SST_KIJ32703-1, SST_KIJ33018-1, SST_KIJ33387-1, SST_KIJ33388-1, SST_KIJ33725-1, SST_KIJ35372-1, SST_KIJ38657-1, SST_KIJ38679-1, SST_KIJ38746-1, SST_KIJ40368-1, SST_KIJ41341-1, SST_KIJ41342-1, SST_KIJ41356-1, SST_KIJ43462-1, SST_KIJ43469-1, SST_KIJ43881-1, SST_KIJ43887-1, SST_KIJ43894-1, SST_KIJ45393-1, SST_KIJ45439-1, SST_KIJ46687-1, SST_KIJ47879-1, SST_KIJ48246-1, SST_KIJ48247-1, SST_KIJ48249-1, SST_KIJ48250-1, SST_KIJ48493-1, SST_KIJ48496-1, SST_KIJ48499-1, SST_KIJ48500-1, SST_KIJ48516-1, SST_KIJ48517-1, SST_KIJ48522-1, SST_KIJ48525-1, SST_KIJ51344-1, SST_KIJ53816-1, SST_KIJ53817-1, TMA_KAF8236276-1, SST_KIJ25113-1, SST_KIJ32704-1, SST_KIJ33019-1, SST_KIJ46052-1, SST_KIJ48492-1, SST_KIJ48494-1, SST_KIJ50777-1, FPI_EPT04789-1",2,"Secreted, Not",4,"POS_VMH2, SCOM_SC3, SCOM_SC4, GFR_HGF1",104,8,"Hydrophobin, Gram_pos_anchor, DNA_pol_E_B, ApoL, CLIP_SPH_mas, Phage_holin_2_3, PT-VENN, CAAD, Pantoate_transf, Sporozoite_P67, Gaa1, Trypan_PARP, SARG, DUF4774, Ice_binding, Toxin_12, Ceramidase_alk, TspO_MBR, NODP, Granulin, Pro_Al_protease, MCD_N, NICE-1, PetG",24
"Group 100",2,"Mucoromycota, Oomycota ",2,"Millipede associated, Plant pathogen",2,"Arthropod, Plant",2,"Mutualist, Pathogen",1,"6C/NA/NA",3,"NSP, PIN, PEF",3,"NSP_KAG0165086-1, PIN_XP_002902255-1, PEF_RQM10729-1",1,"Not",0,NA,103,7,"CYSTM, Extensin_2",2
"Group 101",1,"Basidiomycota",2,"saprotroph, Insect mutualist",1,"Insect",2,"Saprotroph, Mutualist",1,"6C/NA/NA",2,"SST, LGO",2,"SST_KIJ51183-1, LGO_jgi_LeugonAS2_1_1448156_CE1448155_1611",1,"Not",0,NA,171,16,"FtsX, BPD_transp_1, DUF4400, DUF2207, DUF4131, DUF5455, DUF6463, ISK_Channel",8
"Group 102",1,"Oomycota ",1,"Plant pathogen",1,"Plant",1,"Pathogen",1,"6C/NA/NA",1,"PIN",2,"PIN_XP_002900560-1, PIN_XP_002904184-1",1,"Not",0,NA,372,22,"DUF5932, zf-RING_UBOX",2
"Group 103",1,"Chytridiomycota",1,"Formerly Orpinomyces",1,"Animal",1,"Mutualist",1,"6C/NA/NA",1,"PRU",2,"PRU_jgi_Orpsp1_1_1176303_evm-model-c7180000057129-2, PRU_jgi_Orpsp1_1_1186148_evm-model-c7180000097240-1",1,"Secreted",0,NA,831,28,"CBM_10, PH_11, Ricin_B_lectin, RicinB_lectin_2",4
"Group 104",1,"Ascomycota",2,"Human pathogen, Plant pathogen",2,"Human, Plant",1,"Pathogen",1,"6C/NA/NA",2,"CAL, ENE",2,"CAL_XP_718229-2, ENE_jgi_Erynec1_4531_EV44_g0878T0",1,"Not",0,NA,1118,14,"Anticodon_1, tRNA-synt_1, tRNA-synt_1e, tRNA-synt_1g",4
"Group 105",1,"Basidiomycota",1,"Insect egg mimic",1,"Insect",1,"Parasite",1,"6C/NA/NA",1,"ASP",2,"ASP_KAF7965367-1, ASP_KAF7974465-1",1,"Not",0,NA,924,18,"cwf18",1
"Group 106",1,"Chytridiomycota",1,"Animal pathogen - chytridiomycosis in amphibians",1,"Animal",1,"Pathogen",1,"6C/NA/NA",1,"BDE",2,"BDE_XP_006680319-1, BDE_XP_006681639-1",1,"Not",0,NA,208,8,"Fe-ADH",1
"Group 107",1,"Mucoromycota",1,"Mycorrhizal",1,"Plant",1,"Mutualist",1,"6C/NA/NA",1,"RIR",3,"RIR_XP_025168286-1, RIR_XP_025177017-1, RIR_XP_025184107-1",1,"Secreted",0,NA,279,8,"zf-LITAF-like, TMEM154, Orf78, 7TM_GPCR_Str, Baculo_F, CoV_E, ECSCR, RIFIN, SARAF, Shisa, TRP",11
"Group 108",1,"Ascomycota",1,"Insect pathogen",1,"Insect",1,"Pathogen",1,"6C/NA/NA",1,"OCA",2,"OCA_KAF4592090-1, OCA_KAF4595163-1",1,"Secreted",0,NA,208,14,NA,0
"Group 109",1,"Chytridiomycota",1,"Formerly Orpinomyces",1,"Animal",1,"Mutualist",1,"6C/NA/NA",1,"PRU",8,"PRU_jgi_Orpsp1_1_1176316_evm-model-c7180000057158-1, PRU_jgi_Orpsp1_1_1178605_evm-model-c7180000066028-1, PRU_jgi_Orpsp1_1_1178852_evm-model-c7180000066964-1, PRU_jgi_Orpsp1_1_1178853_evm-model-c7180000066964-2, PRU_jgi_Orpsp1_1_1186348_evm-model-d7180000049916-1, PRU_jgi_Orpsp1_1_1186349_evm-model-d7180000049916-2, PRU_jgi_Orpsp1_1_1188277_evm-model-d7180000063587-1, PRU_jgi_Orpsp1_1_1192089_evm-model-d7180000090535-1",1,"Secreted",0,NA,104,7,NA,0
"Group 11",2,"Zoopagomycota, Ascomycota",2,"Saprotroph, Marine fungus",0,NA,1,"Saprotroph",1,"6C/NA/NA",2,"BME, CMA",2,"BME_ORX91221-1, CMA_jgi_Corma2_693352_fgenesh1_kg-72___14___Locus2091v1rpkm60-55",1,"Not",0,NA,564,12,"Choline_transpo, Hol_Tox, RHH_3",3
"Group 110",2,"Basidiomycota, Mucoromycota",2,"saprotroph, Mycorrhizal",1,"Plant",2,"Saprotroph, Mutualist",1,"6C/NA/NA",2,"SST, RIR",2,"SST_KIJ22924-1, RIR_XP_025175158-1",1,"Not",0,NA,138,14,"PLAC8, bCoV_NS7A",2
"Group 111",1,"Ascomycota",1,"Insect pathogen",1,"Insect",1,"Pathogen",2,"6C/Hyd1/NA, 6C/NA/NA",1,"OCA",2,"OCA_KAF4595874-1, OCA_KAF4582758-1",1,"Secreted",0,NA,132,8,"Hydrophobin, Chorion_3",2
"Group 112",1,"Ascomycota",1,"Model filamentous fungus",0,NA,1,"Saprotroph",1,"6C/NA/NA",1,"NCR",2,"NCR_XP_011394293-1, NCR_XP_011394294-1",1,"Secreted",0,NA,133,10,NA,0
"Group 113",1,"Ascomycota",1,"Insect mutualist",1,"Insect",1,"Mutualist",1,"6C/NA/NA",2,"FFL, FOL",2,"FFL_RSL83847-1, FOL_RSM00025-1",1,"Secreted",0,NA,147,14,NA,0
"Group 114",1,"Basidiomycota",1,"saprotroph",0,NA,1,"Saprotroph",1,"6C/NA/NA",1,"SST",2,"SST_KIJ31599-1, SST_KIJ49960-1",1,"Not",0,NA,182,7,NA,0
"Group 115",1,"Basidiomycota",2,"mycorrhizal, Insect mutualist",2,"Plant, Insect",1,"Mutualist",1,"6C/NA/NA",2,"TMA, LGO",2,"TMA_KAF8237174-1, LGO_jgi_LeugonAS2_1_2116438_estExt_Genewise1Plus-C_1260099",1,"Not",0,NA,461,24,"zf-C3HC4, zf-C3HC4_2, zf-C3HC4_3, zf-RING_2, zf-RING_5, zf-CRD, zf-RING_6, zf-Nse, zf-CCHH",9
"Group 116",1,"Mucoromycota",1,"Mycorrhizal",1,"Plant",1,"Mutualist",1,"6C/NA/NA",1,"RIR",2,"RIR_XP_025164603-1, RIR_XP_025184061-1",1,"Not",0,NA,472,14,"ANAPC4_WD40, WD40, AFT, SR-25",4
"Group 117",2,"Ascomycota, Basidiomycota",3,"Insect pathogen, Insect mutualist, Plant pathogen",2,"Insect, Plant",2,"Pathogen, Mutualist",1,"6C/Hyd1/NA",4,"CMI, LGO, UMA, MAN",6,"CMI_XP_006673167-1, LGO_jgi_LeugonAS2_1_1862752_e_gw1-426-1-1, LGO_jgi_LeugonAS2_1_846020_CE846019_331, LGO_jgi_LeugonAS2_1_852456_CE852455_197, UMA_XP_011391123-1, MAN_KID64441-1",1,"Secreted",2,"SCOM_SC16, MAN_SSG1",227,8,"Hydrophobin, DUF4443, HAMP_2, HAUS-augmin3, NLE, SCP_3, T3SS_needle_E, YndJ",8
"Group 118",1,"Ascomycota",1,"Human pathogen",1,"Human",1,"Pathogen",1,"6C/Hyd1/NA",1,"CIM",1,"CIM_XP_001242719-1",1,"Secreted",2,"AFU_RodC, AFU_RodA",131,8,"Hydrophobin",1
"Group 119",1,"Blastocladiomycota",1,"Chytrid",0,NA,1,"Saprotroph",1,"6C/NA/NA",1,"AMA",2,"AMA_KNE57256-1, AMA_KNE65989-1",1,"Not",0,NA,447,11,"LEA_2",1
"Group 12",2,"Zoopagomycota, Chytridiomycota",2,"Mycoparasite, Chytrid",1,"Fungi",2,"Parasite, Saprotroph",1,"6C/NA/NA",2,"PCY, SPU",2,"PCY_RKP12337-1, SPU_XP_016607013-1",1,"Not",0,NA,534,10,"Diphthamide_syn, Kelch_6",2
"Group 120",2,"Zoopagomycota, Oomycota ",2,"Insect pathogen, Plant pathogen",2,"Insect, Plant",1,"Pathogen",1,"6C/NA/NA",3,"MCI, PIN, PEF",3,"MCI_L0F63_003997-T1, PIN_XP_002898867-1, PEF_RQM18454-1",1,"Not",0,NA,464,8,"Aa_trans, DUF1656",2
"Group 121",1,"Basidiomycota",1,"saprotroph",0,NA,1,"Saprotroph",1,"6C/NA/NA",1,"SST",2,"SST_KIJ51882-1, SST_KIJ28566-1",2,"Secreted, Not",0,NA,277,10,"UbiA, DUF2273",2
"Group 122",1,"Ascomycota",2,"Insect mutualist, Plant pathogen (Magnaporthe oryzae)",2,"Insect, Plant",2,"Mutualist, Pathogen",1,"6C/NA/NA",2,"FOL, POR",2,"FOL_RSM01333-1, POR_XP_003716903-1",1,"Not",0,NA,393,14,"DUF6223, H_PPase",2
"Group 123",1,"Zoopagomycota",1,"Saprotroph",0,NA,1,"Saprotroph",1,"6C/NA/NA",1,"BME",2,"BME_ORX64766-1, BME_ORY01649-1",1,"Not",0,NA,470,15,"T4SS_pilin, UNC-93",2
"Group 124",1,"Basidiomycota",2,"Human pathogen, Plant pathogen",2,"Human, Plant",1,"Pathogen",1,"6C/NA/NA",2,"CNE, FPI",2,"CNE_XP_024513522-1, FPI_EPT00465-1",1,"Not",0,NA,508,13,"MFS_1, DUF1772",2
"Group 13",1,"Oomycota ",1,"Plant pathogen",1,"Plant",1,"Pathogen",1,"6C/NA/NA",2,"PIN, PEF",20,"PIN_XP_002895874-1, PIN_XP_002896292-1, PIN_XP_002901497-1, PIN_XP_002905594-1, PIN_XP_002997542-1, PIN_XP_002895069-1, PIN_XP_002895871-1, PIN_XP_002895872-1, PIN_XP_002895873-1, PIN_XP_002895877-1, PIN_XP_002900615-1, PIN_XP_002900634-1, PIN_XP_002900637-1, PIN_XP_002901496-1, PIN_XP_002908691-1, PIN_XP_002909032-1, PEF_RQM09543-1, PEF_RQM11512-1, PEF_RQM16934-1, PEF_RQM17275-1",2,"Secreted, Not",0,NA,433,13,"Metallophos, DUF2334, Metallophos_2, ScdA_N, FAM176, TrbK, Defensin_big, ODV-E18, SID-1_RNA_chan, PAP1, CLEC16A_C, Macoilin, DUF4834, FlgH, MID_MedPIWI, SSP160, Apt1, TGF_beta_GS, SpoIIIAH, DUF6327, CD20, DUF6479, Imm27",23
"Group 14",1,"Blastocladiomycota",1,"Chytrid",0,NA,1,"Saprotroph",1,"6C/NA/NA",1,"AMA",3,"AMA_KNE60532-1, AMA_KNE64458-1, AMA_KNE64459-1",2,"Secreted, Not",0,NA,768,13,"7tm_3, FtsX, Pkr1, SBP_bac_1, SBP_bac_8, HemY_N",6
"Group 15",1,"Chytridiomycota",1,"Chytrid",0,NA,1,"Saprotroph",1,"6C/NA/NA",1,"SPU",2,"SPU_XP_016608548-1, SPU_XP_016608549-1",1,"Not",0,NA,1466,38,"ANAPC4_WD40, WD40, Patched, Sterol-sensing",4
"Group 16",1,"Ascomycota",1,"Insect mutualist",1,"Insect",1,"Mutualist",1,"6C/Hyd1/NA",2,"FFL, FOL",2,"FFL_RSL75671-1, FOL_RSL91729-1",1,"Secreted",0,NA,168,9,"Hydrophobin, CLEC16A_C, Adhesin_P1_N, DUF515",4
"Group 17",1,"Blastocladiomycota",1,"Chytrid",0,NA,1,"Saprotroph",1,"6C/NA/NA",1,"AMA",2,"AMA_KNE71340-1, AMA_KNE72130-1",1,"Not",0,NA,1190,18,"AMP-binding, DUF5706",2
"Group 18",1,"Ascomycota",1,"Insect mutualist",1,"Insect",1,"Mutualist",1,"6C/NA/NA",2,"FFL, FOL",2,"FFL_RSL75198-1, FOL_RSM13162-1",1,"Secreted",0,NA,257,10,"Granulin",1
"Group 19",1,"Amoebozoa",1,"Slime mold",0,NA,1,"Saprotroph",1,"6C/NA/NA",1,"FAL",2,"FAL_XP_009493562-1, FAL_XP_009493563-1",1,"Not",0,NA,901,20,"Serglycin, HEAT, HEAT_2, HEAT_EZ, Cnd1, Adaptin_N, Vac14_Fab1_bd, Vac14_Fig4_bd",8
"Group 2",1,"Ascomycota",2,"Plant pathogen, Insect pathogen",2,"Plant, Insect",1,"Pathogen",1,"6C/NA/NA",2,"VNO, OCA",2,"VNO_XP_028494373-1, OCA_KAF4595509-1",1,"Not",0,NA,788,16,"Fungal_trans, Zn_clus, DASH_Dad3, HalX, P63C, Helicase_IV_N",6
"Group 20",1,"Ascomycota",2,"Model filamentous fungus, Plant pathogen (Magnaporthe oryzae)",1,"Plant",2,"Saprotroph, Pathogen",1,"6C/NA/NA",2,"NCR, POR",2,"NCR_XP_960551-1, POR_XP_003719064-1",1,"Not",0,NA,838,10,"DUF6465, zf-C3HC4_3, FAM176, Presenilin, Sec62, DUF1764, DUF2052, DUF3408, DUF4770, EAR, MCU, RPA43_OB, RR_TM4-6, Rtf2, Vfa1, U1snRNP70_N",16
"Group 21",1,"Basidiomycota",1,"Plant pathogen",1,"Plant",1,"Pathogen",1,"6C/NA/NA",2,"CQU, PGR",2,"CQU_KAG0147324-1, PGR_XP_003320256-1",1,"Not",0,NA,703,12,"zf-C3HC4_3, EAD11, Transposase_mut, zf-RING_2, DUF1510",5
"Group 22",1,"Ascomycota",6,"Insect mutualist, Insect pathogen, plant endophyte, Model filamentous fungus, Antagonistic to plant pathogens, Plant pathogen (Magnaporthe oryzae)",2,"Insect, Plant",3,"Mutualist, Pathogen, Saprotroph",1,"6C/NA/NA",8,"FFL, CMI, EFE, NCR, THA, FOL, POR, MAN",9,"FFL_RSL76332-1, CMI_XP_006669283-1, EFE_QPG94900-1, NCR_XP_958215-1, THA_XP_024780486-1, FOL_RSL95088-1, POR_XP_003714394-1, MAN_KID65606-1, MAN_KID71022-1",1,"Secreted",0,NA,255,13,"DEC-1_N, Tachystatin_B, TALPID3, CLEC16A_C, DUF4614, Macoilin, RAP1, SWI-SNF_Ssr4, BES1_N, DUF4850, Dicty_REP, SPX, GREB1, DUF5349, DUF6465, TFIIA, Granulin, FSA_C, SOG2",19
"Group 23",1,"Ascomycota",2,"Insect mutualist, Insect pathogen",1,"Insect",2,"Mutualist, Pathogen",1,"6C/NA/NA",3,"FFL, FOL, MAN",3,"FFL_RSL84486-1, FOL_RSM14583-1, MAN_KID67026-1",1,"Secreted",0,NA,320,29,"BUD22, CENP-B_dimeris, Secretin_N_2",3
"Group 24",1,"Ascomycota",1,"Insect mutualist",1,"Insect",1,"Mutualist",1,"6C/NA/NA",2,"FFL, FOL",2,"FFL_RSL46656-1, FOL_RSM03924-1",1,"Not",0,NA,1286,16,"MMS1_N",1
"Group 25",1,"Ascomycota",7,"Insect mutualist, Insect pathogen, Plant pathogen, plant endophyte, Model filamentous fungus, Antagonistic to plant pathogens, Plant pathogen (Magnaporthe oryzae)",2,"Insect, Plant",3,"Mutualist, Pathogen, Saprotroph",1,"6C/NA/NA",10,"FFL, CMI, CPA, EFE, NCR, THA, FOL, OCA, POR, MAN",10,"FFL_RSL77195-1, CMI_XP_006672231-1, CPA_KAF3768926-1, EFE_QPH00195-1, NCR_XP_965334-3, THA_XP_024777186-1, FOL_RSM16420-1, OCA_KAF4585359-1, POR_XP_003710667-1, MAN_KID60163-1",1,"Not",0,NA,2108,49,"Cwf_Cwc_15, ClpS, PRT6_C, zf-UBR, Nop14, DUF6430, LAP1C, RPN2_C, BUD22, SDA1, ELL, zf-HIT, PRIMA1, Pap_E4, YL1",15
"Group 26",1,"Basidiomycota",1,"Insect mutualist",1,"Insect",1,"Mutualist",2,"6C/Hyd1/NA, NA/Hyd1/NA",1,"LGO",4,"LGO_jgi_LeugonAS2_1_2032297_fgenesh1_kg-442___89___TRINITY_DN8821_c2_g4_i1, LGO_jgi_LeugonAS2_1_2032289_fgenesh1_kg-442___81___TRINITY_DN8821_c2_g4_i1, LGO_jgi_LeugonAS2_1_1926696_fgenesh1_kg-13___234___TRINITY_DN8821_c2_g2_i1, LGO_jgi_LeugonAS2_1_1926703_fgenesh1_kg-13___241___TRINITY_DN4965_c1_g2_i2",2,"Secreted, Not",0,NA,89,6,"Hydrophobin",1
"Group 27",1,"Ascomycota",2,"Insect mutualist, Plant pathogen",2,"Insect, Plant",2,"Mutualist, Pathogen",1,"6C/NA/NA",3,"FFL, VNO, FOL",3,"FFL_RSL84978-1, VNO_XP_028495798-1, FOL_RSL98013-1",1,"Not",0,NA,58,7,NA,0
"Group 28",1,"Ascomycota",2,"Plant pathogen, Marine fungus",1,"Plant",2,"Pathogen, Saprotroph",1,"6C/NA/NA",2,"VNO, CMA",2,"VNO_XP_028495486-1, CMA_jgi_Corma2_601274_gw1-210-33-1",2,"Secreted, Not",0,NA,224,12,"NAD_binding_3, NUDE_C, RAP1, Sporozoite_P67, SR-25, HNF-1_N, NAM-associated",7
"Group 29",1,"Basidiomycota",1,"saprotroph",0,NA,1,"Saprotroph",2,"6C/Hyd1/NA, NA/Hyd1/NA",1,"SST",3,"SST_KIJ22522-1, SST_KIJ27070-1, SST_KIJ51859-1",2,"Secreted, Not",0,NA,75,4,"Hydrophobin",1
"Group 3",1,"Oomycota ",1,"Plant pathogen",1,"Plant",1,"Pathogen",1,"6C/NA/NA",2,"PIN, PEF",2,"PIN_XP_002907733-1, PEF_RQM18637-1",1,"Not",0,NA,686,16,"Dus, DUF3523, RBM39linker, TFIIA",4
"Group 30",1,"Ascomycota",2,"Human pathogen, Pichia renamed",1,"Human",2,"Pathogen, Yeast",1,"6C/NA/NA",2,"CAL, KPA",2,"CAL_XP_718821-2, KPA_ANZ73303-1",1,"Not",0,NA,772,12,"APH, PK_Tyr_Ser-Thr, Pkinase, TCAD9, FTA2, Haspin_kinase, SOXp, RIO1",8
"Group 31",3,"Ascomycota, Basidiomycota, Mucoromycota",6,"Insect mutualist, Plant pathogen, mycorrhizal, plant endophyte, Insect pathogen, Millipede associated",3,"Insect, Plant, Arthropod",2,"Mutualist, Pathogen",1,"6C/NA/NA",11,"FFL, ENE, TMA, CQU, PGR, EFE, FOL, MAN, NSP, CPA, LGO",16,"FFL_RSL76463-1, FFL_RSL77728-1, ENE_jgi_Erynec1_5864_EV44_g0491T0, TMA_KAF8238464-1, CQU_KAG0142978-1, PGR_XP_003330646-2, EFE_QPH06048-1, FOL_RSL98459-1, MAN_KID63349-1, NSP_KAG0172126-1, CQU_KAG0142973-1, PGR_XP_003319833-2, CPA_KAF3765894-1, FOL_RSM07055-1, LGO_jgi_LeugonAS2_1_2100448_fgenesh1_kg-1293___8___TRINITY_DN6240_c0_g1_i16, LGO_jgi_LeugonAS2_1_606999_CE606998_28243",2,"Secreted, Not",0,NA,754,40,"Disintegrin, Pep_M12B_propep, Reprolysin, Reprolysin_2, Reprolysin_3, Reprolysin_4, Reprolysin_5, SKG6, Peptidase_M66, ADAM_CR_2, Adeno_E3_CR2, PRIMA1, DO-GTPase2, Peptidase_M43, EphA2_TM, Mem_trans, Myc_target_1",17
"Group 32",1,"Oomycota ",1,"Plant pathogen",1,"Plant",1,"Pathogen",1,"6C/NA/NA",2,"PIN, PEF",2,"PIN_XP_002897119-1, PEF_RQM14836-1",1,"Not",0,NA,940,22,"ANAPC4_WD40, WD40, Hira, PALB2_WD40, PD40, IKI3",6
"Group 33",1,"Amoebozoa",1,"Slime mold",0,NA,1,"Saprotroph",1,"6C/NA/NA",1,"DDI",2,"DDI_XP_001732967-1, DDI_XP_644907-1",1,"Not",0,NA,2518,48,"PP-binding, Acyl_transf_1, adh_short_C2, KAsynt_C_assoc, ketoacyl-synt, Ketoacyl-synt_C, KR, Methyltransf_11, Methyltransf_12, Methyltransf_23, Methyltransf_31, PS-DH, Thiolase_N, Methyltransf_25, AA_permease_N, ADH_N, ADH_zinc_N_2, Methyltransf_28",18
"Group 34",1,"Basidiomycota",1,"mycorrhizal",1,"Plant",1,"Mutualist",1,"6C/Hyd1/NA",1,"TMA",2,"TMA_KAF8241131-1, TMA_KAF8241160-1",1,"Secreted",0,NA,139,9,"Hydrophobin, Granulin, CLIP_SPH_mas, SCIMP",4
"Group 35",1,"Ascomycota",4,"Insect mutualist, Plant pathogen, Model filamentous fungus, Marine fungus",2,"Insect, Plant",3,"Mutualist, Pathogen, Saprotroph",1,"6C/NA/NA",6,"FFL, VNO, CPA, NCR, FOL, CMA",6,"FFL_RSL86534-1, VNO_XP_028491691-1, CPA_KAF3762046-1, NCR_XP_956657-1, FOL_RSL93466-1, CMA_jgi_Corma2_723877_estExt_fgenesh1_pm-C_1700004",1,"Secreted",0,NA,311,16,"CBM_1, Cutinase, PE-PPE, Toxin_7, Abhydrolase_1, Conotoxin, Lipase_2, VirJ, Palm_thioest, Abhydrolase_6, Hydrolase_4",11
"Group 36",1,"Ascomycota",1,"Insect mutualist",1,"Insect",1,"Mutualist",1,"6C/NA/NA",2,"FOL, FFL",2,"FOL_RSM07274-1, FFL_RSL85600-1",2,"Secreted, Not",0,NA,94,9,NA,0
"Group 37",1,"Basidiomycota",2,"saprotroph, mycorrhizal",1,"Plant",2,"Saprotroph, Mutualist",1,"6C/NA/NA",2,"SST, TMA",2,"SST_KIJ38428-1, TMA_KAF8226312-1",1,"Not",0,NA,546,8,"SUR7",1
"Group 38",1,"Ascomycota",3,"Antagonistic to plant pathogens, Marine fungus, Insect mutualist",2,"Plant, Insect",2,"Mutualist, Saprotroph",1,"6C/NA/NA",3,"THA, CMA, FFL",3,"THA_XP_024768069-1, CMA_jgi_Corma2_726356_estExt_fgenesh1_pg-C_90064, FFL_RSL43593-1",2,"Secreted, Not",0,NA,120,9,"Mito_fiss_reg, PRIMA1, TLV_coat, VIR_N",4
"Group 4",1,"Basidiomycota",1,"saprotroph",0,NA,1,"Saprotroph",2,"6C/Hyd1/NA, NA/Hyd1/NA",1,"SST",4,"SST_KIJ43890-1, SST_KIJ53977-1, SST_KIJ22509-1, SST_KIJ50779-1",1,"Not",0,NA,77,6,"Hydrophobin, CLIP_SPH_mas, NACHT_N",3
"Group 40",1,"Zoopagomycota",1,"Insect pathogen",1,"Insect",1,"Pathogen",1,"6C/NA/NA",3,"MCI, CTH, EMU",3,"MCI_L0F63_006455-T1, CTH_jgi_Conth1_75378_CE75377_18618, EMU_KAF7755708-1",1,"Not",0,NA,615,12,"PUF, RRM_1, RRM_3, RRM_5, RRM_occluded",5
"Group 41",1,"Basidiomycota",1,"Insect mutualist",1,"Insect",1,"Mutualist",2,"NA/Hyd1/NA, 6C/Hyd1/NA",1,"LGO",4,"LGO_jgi_LeugonAS2_1_1931514_fgenesh1_kg-22___214___TRINITY_DN8651_c2_g5_i1, LGO_jgi_LeugonAS2_1_2020602_fgenesh1_kg-369___75___TRINITY_DN8651_c2_g5_i1, LGO_jgi_LeugonAS2_1_2140035_fgenesh1_pg-22___14, LGO_jgi_LeugonAS2_1_591107_CE591106_178308",2,"Secreted, Not",0,NA,134,7,"Hydrophobin, KRE1, Beta_lactamase3, LXG",4
"Group 42",1,"Bacteria",1,"Bacteria with chaplins",0,NA,1,"Saprotroph",1,"6C/NA/NA",1,"SCO",2,"SCO_NP_628537-1, SCO_NP_733680-1",1,"Not",0,NA,999,22,"Fer4_17, Fer4_8, CCG, FAD_binding_4, FAD-oxidase_C, Fer4_10, Fer4_4, Fer4_7",8
"Group 43",1,"Basidiomycota",2,"Insect egg mimic, Plant pathogen",2,"Insect, Plant",2,"Parasite, Pathogen",1,"6C/NA/NA",2,"ASP, FPI",3,"ASP_KAF7970077-1, ASP_KAF7977509-1, FPI_EPT05564-1",1,"Not",0,NA,843,9,"MA3, MIF4G, Pheromone, DUF4663, GCN5L1",5
"Group 44",1,"Ascomycota",1,"Insect mutualist",1,"Insect",1,"Mutualist",1,"6C/NA/NA",2,"FFL, FOL",2,"FFL_RSL78513-1, FOL_RSM13915-1",1,"Not",0,NA,718,8,"SYMPK_PTA1_N",1
"Group 45",1,"Ascomycota",5,"Insect mutualist, Insect pathogen, Brewer's yeast, Model filamentous fungus, Antagonistic to plant pathogens",2,"Insect, Plant",4,"Mutualist, Pathogen, Yeast, Saprotroph",1,"6C/NA/NA",8,"FFL, CMI, SCE, NCR, THA, FOL, OCA, MAN",8,"FFL_RSL86465-1, CMI_XP_006665720-1, SCE_NP_012293-3, NCR_XP_959940-1, THA_XP_024775702-1, FOL_RSM12299-1, OCA_KAF4591854-1, MAN_KID69471-1",1,"Not",0,NA,515,12,"Amidohydro_1, Amidohydro_3, Amidohydro_2, AalphaY_MDB, DUF6282",5
"Group 46",1,"Ascomycota",1,"Insect pathogen",1,"Insect",1,"Pathogen",1,"6C/NA/NA",1,"MAN",2,"MAN_KID62637-1, MAN_KID70620-1",1,"Secreted",0,NA,109,10,NA,0
"Group 47",1,"Ascomycota",5,"Insect mutualist, plant endophyte, Antagonistic to plant pathogens, Insect pathogen, Marine fungus",2,"Insect, Plant",3,"Mutualist, Pathogen, Saprotroph",3,"6C/NA/NA, 6C/Hyd1/NA, NA/Hyd1/NA",7,"FFL, EFE, THA, FOL, MAN, OCA, CMA",10,"FFL_RSL81496-1, FFL_RSL87309-1, EFE_QPG95159-1, THA_XP_024768788-1, FOL_RSL99936-1, FOL_RSM09912-1, MAN_KID59956-1, OCA_KAF4589123-1, MAN_KID60925-1, CMA_jgi_Corma2_742395_gm1-8047_g",1,"Secreted",0,NA,105,8,"Hydrophobin, CAP, Toxin_32",3
"Group 48",2,"Basidiomycota, Zoopagomycota",2,"saprotroph, Saprotroph",0,NA,1,"Saprotroph",1,"6C/NA/NA",2,"SST, BME",2,"SST_KIJ29370-1, BME_ORX90627-1",1,"Not",0,NA,1286,20,"Cation_ATPase, E1-E2_ATPase, Hydrolase, Hydrolase_3, PhoLip_ATPase_C, PhoLip_ATPase_N, Mgm101p",7
"Group 49",2,"Mucoromycota, Basidiomycota",2,"Millipede associated, Plant pathogen",2,"Arthropod, Plant",2,"Mutualist, Pathogen",1,"6C/NA/NA",2,"NSP, CQU",2,"NSP_KAG0167337-1, CQU_KAG0142373-1",1,"Not",0,NA,1114,14,"Cation_ATPase, E1-E2_ATPase, Hydrolase, Hydrolase_3, PhoLip_ATPase_C, AA_permease_C, AOX, PhoLip_ATPase_N, DUF1772",9
"Group 5",1,"Ascomycota",4,"Insect mutualist, Antagonistic to plant pathogens, Plant pathogen (Magnaporthe oryzae), Marine fungus",2,"Insect, Plant",3,"Mutualist, Pathogen, Saprotroph",1,"6C/NA/NA",5,"FFL, THA, FOL, POR, CMA",6,"FFL_RSL45197-1, THA_XP_024768068-1, THA_XP_024770532-1, FOL_RSL83172-1, POR_XP_003713465-1, CMA_jgi_Corma2_726355_estExt_fgenesh1_pg-C_90063",1,"Secreted",1,"TAS_TasHyd1",150,9,"RhlB",1
"Group 50",1,"Oomycota ",1,"Plant pathogen",1,"Plant",1,"Pathogen",1,"6C/NA/NA",2,"PIN, PEF",2,"PIN_XP_002997818-1, PEF_RQM13776-1",1,"Not",0,NA,1376,28,"FYVE, FYVE_2, C2, DSPc, Myotub-related, Y_phosphatase3, CC2D2AN-C2",7
"Group 51",1,"Ascomycota",4,"Model filamentous fungus, Insect mutualist, Insect pathogen, Plant pathogen (Magnaporthe oryzae)",2,"Insect, Plant",3,"Saprotroph, Mutualist, Pathogen",1,"6C/NA/NA",4,"NCR, FOL, OCA, POR",4,"NCR_XP_960694-2, FOL_RSL90579-1, OCA_KAF4591745-1, POR_XP_003718244-1",1,"Secreted",0,NA,436,26,"SKG6, DUF6336, LapA_dom, Na_H_Exchanger, Podoplanin, Adeno_E3_CR2, Myc_target_1, Romo1",8
"Group 52",1,"Ascomycota",1,"Insect mutualist",1,"Insect",1,"Mutualist",1,"6C/NA/NA",2,"FFL, FOL",2,"FFL_RSL82168-1, FOL_RSM09365-1",1,"Secreted",0,NA,1486,17,"Ank, Ank_2, Ank_3, Ank_4, Ank_5, TPR_1, TPR_14, TPR_16, TPR_2, VWA_3_C, Xin",11
"Group 53",1,"Zoopagomycota",1,"Saprotroph",0,NA,1,"Saprotroph",1,"6C/NA/NA",1,"BME",2,"BME_ORX88715-1, BME_ORX90684-1",1,"Not",0,NA,896,18,"BRCT, BRCT_2, LIG3_BRCT, PTCB-BRCT, RTT107_BRCT_5",5
"Group 54",1,"Zoopagomycota",1,"Insect pathogen",1,"Insect",1,"Pathogen",1,"6C/NA/NA",1,"EMU",2,"EMU_KAF7745234-1, EMU_KAF7759583-1",1,"Not",0,NA,324,12,"zf-C2H2, zf-C2H2_4, zf-C2H2_aberr",3
"Group 55",2,"Ascomycota, Mucoromycota",3,"Plant pathogen, Millipede associated, Mycorrhizal",2,"Plant, Arthropod",2,"Pathogen, Mutualist",1,"6C/NA/NA",3,"ENE, NSP, RMI",3,"ENE_jgi_Erynec1_4417_EV44_g6356T0, NSP_KAG0173302-1, RMI_XP_023464528-1",1,"Not",0,NA,998,28,"Desulfoferrod_N, LIM, NinD, RhoGAP, TFIIA, Spt20, DUF2072, GxGYxYP_C, M_domain",9
"Group 56",1,"Ascomycota",1,"Pichia renamed",0,NA,1,"Yeast",1,"6C/NA/NA",1,"KPA",4,"KPA_ANZ75360-1, KPA_ANZ75361-1, KPA_ANZ76251-1, KPA_ANZ73346-1",2,"Secreted, Not",0,NA,1371,41,"Candida_ALS, FixG_C, Flocculin, DUF3982, GLEYA, PA14, SprA-related",7
"Group 57",1,"Basidiomycota",1,"mycorrhizal",1,"Plant",1,"Mutualist",1,"6C/NA/NA",1,"TMA",2,"TMA_KAF8227787-1, TMA_KAF8240271-1",1,"Not",0,NA,494,26,"CxC6, CxC5",2
"Group 58",1,"Zoopagomycota",1,"Insect pathogen",1,"Insect",1,"Pathogen",1,"6C/NA/NA",1,"EMU",2,"EMU_KAF7743872-1, EMU_KAF7751565-1",1,"Not",0,NA,246,15,"zf-C3HC4, zf-C3HC4_2, zf-C3HC4_3, zf-C3HC4_4, zf-RING_2, zf-RING_5, zf-RING_UBOX, zf-C3H2C3, zf-rbx1, zf-RING_11, zf-ANAPC11, PHD, ADK_lid, FANCL_C, RINGv, Zf_RING, zf-RING-like, Zn_ribbon_17, Neurexophilin, Xrn1_D3",20
"Group 59",1,"Chytridiomycota",1,"Formerly Orpinomyces",1,"Animal",1,"Mutualist",1,"6C/NA/NA",1,"PRU",3,"PRU_jgi_Orpsp1_1_1176975_evm-model-c7180000059703-1, PRU_jgi_Orpsp1_1_1186527_evm-model-d7180000051215-1, PRU_jgi_Orpsp1_1_1189614_evm-model-d7180000073249-1",1,"Not",0,NA,662,16,"CBM_10, DUF5640, DUF974",3
"Group 6",1,"Chytridiomycota",1,"Formerly Orpinomyces",1,"Animal",1,"Mutualist",1,"6C/NA/NA",1,"PRU",3,"PRU_jgi_Orpsp1_1_1183574_evm-model-c7180000085781-1, PRU_jgi_Orpsp1_1_1183987_evm-model-c7180000087526-1, PRU_jgi_Orpsp1_1_1185558_evm-model-c7180000094363-1",1,"Not",0,NA,738,33,NA,0
"Group 60",1,"Basidiomycota",1,"Insect egg mimic",1,"Insect",1,"Parasite",1,"6C/NA/NA",1,"ASP",3,"ASP_KAF7968172-1, ASP_KAF7968782-1, ASP_KAF7982463-1",1,"Not",0,NA,598,15,"DZR",1
"Group 61",1,"Zoopagomycota",1,"Insect pathogen",1,"Insect",1,"Pathogen",1,"6C/NA/NA",1,"EMU",3,"EMU_KAF7741681-1, EMU_KAF7743727-1, EMU_KAF7746583-1",1,"Not",0,NA,436,11,"Ank, Ank_2, Ank_3, Ank_4, Ank_5, DUF1843, Pex24p",7
"Group 62",1,"Ascomycota",2,"Human pathogen, Brewer's yeast",1,"Human",2,"Pathogen, Yeast",1,"6C/NA/NA",2,"CAL, SCE",2,"CAL_XP_717780-1, SCE_NP_014910-1",1,"Not",0,NA,728,16,"APH, Kinase-like, PK_Tyr_Ser-Thr, Pkinase, APG6_N, DASH_Spc19, DUF2203, DUF4407, GPS2_interact, HAUS6_N, Metal_resist, Sec34, YabA, Paz_1",14
"Group 63",1,"Chytridiomycota",1,"Formerly Orpinomyces",1,"Animal",1,"Mutualist",1,"6C/NA/NA",1,"PRU",2,"PRU_jgi_Orpsp1_1_1182342_evm-model-c7180000080888-1, PRU_jgi_Orpsp1_1_1188096_evm-model-d7180000062407-1",1,"Not",0,NA,611,10,"CBM_10",1
"Group 64",2,"Ascomycota, Mucoromycota",2,"Human pathogen, Mycorrhizal",2,"Human, Plant",2,"Pathogen, Mutualist",1,"6C/NA/NA",2,"CAL, RMI",2,"CAL_XP_720987-2, RMI_XP_023461341-1",1,"Not",0,NA,1086,12,"MIF4G, CDC45, DUF948, NOA36, Upf2, ORC4_C",6
"Group 65",1,"Basidiomycota",1,"mycorrhizal",1,"Plant",1,"Mutualist",1,"6C/NA/NA",1,"TMA",2,"TMA_KAF8218827-1, TMA_KAF8220602-1",1,"Not",0,NA,188,9,"SIR2_2, Endotoxin_N",2
"Group 66",1,"Ascomycota",1,"Insect mutualist",1,"Insect",1,"Mutualist",1,"6C/NA/NA",2,"FFL, FOL",2,"FFL_RSL63810-1, FOL_RSM05864-1",1,"Not",0,NA,518,12,"DUF4131, DUF4083, DUF4328, Insulin_TMD",4
"Group 67",1,"Oomycota ",1,"Plant pathogen",1,"Plant",1,"Pathogen",1,"6C/NA/NA",2,"PIN, PEF",2,"PIN_XP_002902825-1, PEF_RQM15644-1",1,"Not",0,NA,646,13,"AMP-binding, Cas_Cas2CT1978",2
"Group 68",1,"Chytridiomycota",1,"Formerly Orpinomyces",1,"Animal",1,"Mutualist",1,"6C/NA/NA",1,"PRU",2,"PRU_jgi_Orpsp1_1_1175263_evm-model-c7180000053206-1, PRU_jgi_Orpsp1_1_1176383_evm-model-c7180000057385-1",1,"Not",0,NA,381,9,"zf-C3HC4_3, DUF6402",2
"Group 69",1,"Ascomycota",8,"Insect mutualist, Plant pathogen, Insect pathogen, Plant pathogen (Magnaporthe oryzae), Model filamentous fungus, plant endophyte, Antagonistic to plant pathogens, Marine fungus",2,"Insect, Plant",3,"Mutualist, Pathogen, Saprotroph",1,"6C/NA/Hyd2",12,"FFL, VNO, FOL, CMI, POR, NCR, CPA, EFE, MAN, OCA, THA, CMA",21,"FFL_RSL79405-1, VNO_XP_028491998-1, VNO_XP_028493055-1, VNO_XP_028493066-1, VNO_XP_028496519-1, FOL_RSM10076-1, CMI_XP_006668751-1, POR_XP_003714057-1, POR_XP_003717406-1, POR_XP_016845963-1, NCR_XP_959282-2, CPA_KAF3762058-1, CPA_KAF3766717-1, EFE_QPG98633-1, MAN_KID61828-1, OCA_KAF4594860-1, THA_XP_024773602-1, THA_XP_024780278-1, THA_XP_024767883-1, CMA_jgi_Corma2_609406_gw1-69-76-1, CMA_jgi_Corma2_611541_gw1-293-25-1",2,"Secreted, Not",6,"CFU_TH1, CPA_CRP, MOR_MHP1, NCR_NC2, TRE_HFBI, TRE_HFBII",124,9,"Hydrophobin_2, AAA_lid_3, HMGL-like, Tryp_inh, Serglycin, UNC80, Defb50",7
"Group 7",1,"Ascomycota",2,"Insect mutualist, Insect pathogen",1,"Insect",2,"Mutualist, Pathogen",1,"6C/NA/NA",3,"FFL, CMI, FOL",6,"FFL_RSL75901-1, CMI_XP_006665602-1, CMI_XP_006668791-1, CMI_XP_006671509-1, CMI_XP_006674427-1, FOL_RSL87568-1",1,"Not",0,NA,499,12,"HNH_2, DNA_pol_phi, PBP1_TM, Nucleo_P87, NOA36, Autophagy_act_C, FAM176, Imm1, RNA_pol_Rpb2_45",9
"Group 70",1,"Ascomycota",3,"Insect pathogen, plant endophyte, Model filamentous fungus",2,"Insect, Plant",3,"Pathogen, Mutualist, Saprotroph",1,"6C/NA/NA",4,"CMI, EFE, NCR, OCA",5,"CMI_XP_006666521-1, EFE_QPH10514-1, NCR_XP_011395294-1, NCR_XP_011395295-1, OCA_KAF4585970-1",1,"Not",0,NA,996,11,"ANAPC4_WD40, WD40, Lgl_C, Nup160, WD40_like, Chorion_2, PQQ_2, Ribosomal_60s",8
"Group 71",1,"Chytridiomycota",1,"Formerly Orpinomyces",1,"Animal",1,"Mutualist",1,"6C/NA/NA",1,"PRU",2,"PRU_jgi_Orpsp1_1_1189608_evm-model-d7180000073212-1, PRU_jgi_Orpsp1_1_1174939_evm-model-c7180000052017-1",2,"Secreted, Not",0,NA,741,26,"CBM_10, CotH, RNA_pol_Rpb5_C, CBM_1, Mucin, AJAP1_PANP_C, RNR_inhib",7
"Group 72",1,"Chytridiomycota",1,"Formerly Orpinomyces",1,"Animal",1,"Mutualist",1,"6C/NA/NA",1,"PRU",118,"PRU_jgi_Orpsp1_1_1174735_evm-model-c7180000051208-1, PRU_jgi_Orpsp1_1_1174935_evm-model-c7180000052010-1, PRU_jgi_Orpsp1_1_1174941_evm-model-c7180000052027-1, PRU_jgi_Orpsp1_1_1175005_evm-model-c7180000052288-1, PRU_jgi_Orpsp1_1_1175221_evm-model-c7180000053075-1, PRU_jgi_Orpsp1_1_1175496_evm-model-c7180000054094-1, PRU_jgi_Orpsp1_1_1176045_evm-model-c7180000056198-1, PRU_jgi_Orpsp1_1_1176284_evm-model-c7180000057039-1, PRU_jgi_Orpsp1_1_1176285_evm-model-c7180000057040-1, PRU_jgi_Orpsp1_1_1176343_evm-model-c7180000057256-1, PRU_jgi_Orpsp1_1_1176377_evm-model-c7180000057371-1, PRU_jgi_Orpsp1_1_1176933_evm-model-c7180000059546-1, PRU_jgi_Orpsp1_1_1177178_evm-model-c7180000060467-1, PRU_jgi_Orpsp1_1_1177481_evm-model-c7180000061604-1, PRU_jgi_Orpsp1_1_1177561_evm-model-c7180000061923-1, PRU_jgi_Orpsp1_1_1177615_evm-model-c7180000062149-1, PRU_jgi_Orpsp1_1_1177652_evm-model-c7180000062316-1, PRU_jgi_Orpsp1_1_1177798_evm-model-c7180000062897-1, PRU_jgi_Orpsp1_1_1177837_evm-model-c7180000063059-1, PRU_jgi_Orpsp1_1_1177888_evm-model-c7180000063223-1, PRU_jgi_Orpsp1_1_1178361_evm-model-c7180000065000-2, PRU_jgi_Orpsp1_1_1178477_evm-model-c7180000065466-1, PRU_jgi_Orpsp1_1_1178592_evm-model-c7180000065967-1, PRU_jgi_Orpsp1_1_1178674_evm-model-c7180000066294-1, PRU_jgi_Orpsp1_1_1178757_evm-model-c7180000066629-1, PRU_jgi_Orpsp1_1_1178780_evm-model-c7180000066708-1, PRU_jgi_Orpsp1_1_1179010_evm-model-c7180000067566-1, PRU_jgi_Orpsp1_1_1179248_evm-model-c7180000068602-1, PRU_jgi_Orpsp1_1_1179501_evm-model-c7180000069556-1, PRU_jgi_Orpsp1_1_1179675_evm-model-c7180000070299-1, PRU_jgi_Orpsp1_1_1180170_evm-model-c7180000072378-1, PRU_jgi_Orpsp1_1_1180201_evm-model-c7180000072496-2, PRU_jgi_Orpsp1_1_1180378_evm-model-c7180000073148-1, PRU_jgi_Orpsp1_1_1180589_evm-model-c7180000074007-1, PRU_jgi_Orpsp1_1_1180976_evm-model-c7180000075322-1, PRU_jgi_Orpsp1_1_1181003_evm-model-c7180000075466-1, PRU_jgi_Orpsp1_1_1181066_evm-model-c7180000075698-1, PRU_jgi_Orpsp1_1_1182298_evm-model-c7180000080716-1, PRU_jgi_Orpsp1_1_1182455_evm-model-c7180000081331-1, PRU_jgi_Orpsp1_1_1182596_evm-model-c7180000081926-1, PRU_jgi_Orpsp1_1_1183808_evm-model-c7180000086782-1, PRU_jgi_Orpsp1_1_1183991_evm-model-c7180000087537-1, PRU_jgi_Orpsp1_1_1185147_evm-model-c7180000092511-1, PRU_jgi_Orpsp1_1_1185671_evm-model-c7180000094801-1, PRU_jgi_Orpsp1_1_1185793_evm-model-c7180000095317-1, PRU_jgi_Orpsp1_1_1185973_evm-model-c7180000096272-1, PRU_jgi_Orpsp1_1_1186041_evm-model-c7180000096599-1, PRU_jgi_Orpsp1_1_1186194_evm-model-d7180000048808-1, PRU_jgi_Orpsp1_1_1186537_evm-model-d7180000051309-1, PRU_jgi_Orpsp1_1_1186910_evm-model-d7180000054053-1, PRU_jgi_Orpsp1_1_1186991_evm-model-d7180000054674-1, PRU_jgi_Orpsp1_1_1187975_evm-model-d7180000061567-1, PRU_jgi_Orpsp1_1_1188090_evm-model-d7180000062386-1, PRU_jgi_Orpsp1_1_1188200_evm-model-d7180000063152-1, PRU_jgi_Orpsp1_1_1188210_evm-model-d7180000063222-1, PRU_jgi_Orpsp1_1_1188535_evm-model-d7180000065562-1, PRU_jgi_Orpsp1_1_1188730_evm-model-d7180000066803-1, PRU_jgi_Orpsp1_1_1188758_evm-model-d7180000067004-1, PRU_jgi_Orpsp1_1_1188777_evm-model-d7180000067086-1, PRU_jgi_Orpsp1_1_1189589_evm-model-d7180000073068-1, PRU_jgi_Orpsp1_1_1189758_evm-model-d7180000074221-1, PRU_jgi_Orpsp1_1_1190056_evm-model-d7180000076360-1, PRU_jgi_Orpsp1_1_1190807_evm-model-d7180000081332-1, PRU_jgi_Orpsp1_1_1190895_evm-model-d7180000081927-1, PRU_jgi_Orpsp1_1_1190965_evm-model-d7180000082537-1, PRU_jgi_Orpsp1_1_1192811_evm-model-d7180000096050-1, PRU_jgi_Orpsp1_1_1174128_evm-model-c7180000049026-1, PRU_jgi_Orpsp1_1_1174365_evm-model-c7180000049830-1, PRU_jgi_Orpsp1_1_1174674_evm-model-c7180000050927-1, PRU_jgi_Orpsp1_1_1175207_evm-model-c7180000053001-1, PRU_jgi_Orpsp1_1_1175315_evm-model-c7180000053384-1, PRU_jgi_Orpsp1_1_1176850_evm-model-c7180000059258-1, PRU_jgi_Orpsp1_1_1177211_evm-model-c7180000060579-1, PRU_jgi_Orpsp1_1_1177599_evm-model-c7180000062075-1, PRU_jgi_Orpsp1_1_1177608_evm-model-c7180000062124-1, PRU_jgi_Orpsp1_1_1177717_evm-model-c7180000062567-1, PRU_jgi_Orpsp1_1_1177742_evm-model-c7180000062650-1, PRU_jgi_Orpsp1_1_1178177_evm-model-c7180000064335-1, PRU_jgi_Orpsp1_1_1178286_evm-model-c7180000064716-1, PRU_jgi_Orpsp1_1_1178904_evm-model-c7180000067168-1, PRU_jgi_Orpsp1_1_1179124_evm-model-c7180000068034-1, PRU_jgi_Orpsp1_1_1179413_evm-model-c7180000069236-1, PRU_jgi_Orpsp1_1_1180200_evm-model-c7180000072496-1, PRU_jgi_Orpsp1_1_1180231_evm-model-c7180000072585-1, PRU_jgi_Orpsp1_1_1180725_evm-model-c7180000074439-1, PRU_jgi_Orpsp1_1_1181303_evm-model-c7180000076675-1, PRU_jgi_Orpsp1_1_1181437_evm-model-c7180000077209-1, PRU_jgi_Orpsp1_1_1181647_evm-model-c7180000078041-1, PRU_jgi_Orpsp1_1_1181863_evm-model-c7180000078913-1, PRU_jgi_Orpsp1_1_1181911_evm-model-c7180000079118-1, PRU_jgi_Orpsp1_1_1182478_evm-model-c7180000081441-1, PRU_jgi_Orpsp1_1_1182731_evm-model-c7180000082476-1, PRU_jgi_Orpsp1_1_1182784_evm-model-c7180000082648-1, PRU_jgi_Orpsp1_1_1182904_evm-model-c7180000083127-1, PRU_jgi_Orpsp1_1_1183044_evm-model-c7180000083647-1, PRU_jgi_Orpsp1_1_1183151_evm-model-c7180000084102-1, PRU_jgi_Orpsp1_1_1183248_evm-model-c7180000084419-1, PRU_jgi_Orpsp1_1_1183575_evm-model-c7180000085783-1, PRU_jgi_Orpsp1_1_1184037_evm-model-c7180000087751-1, PRU_jgi_Orpsp1_1_1184152_evm-model-c7180000088232-1, PRU_jgi_Orpsp1_1_1184861_evm-model-c7180000091295-1, PRU_jgi_Orpsp1_1_1184956_evm-model-c7180000091709-1, PRU_jgi_Orpsp1_1_1185330_evm-model-c7180000093287-1, PRU_jgi_Orpsp1_1_1186256_evm-model-d7180000049223-1, PRU_jgi_Orpsp1_1_1186548_evm-model-d7180000051400-1, PRU_jgi_Orpsp1_1_1187484_evm-model-d7180000058061-1, PRU_jgi_Orpsp1_1_1187959_evm-model-d7180000061465-1, PRU_jgi_Orpsp1_1_1188859_evm-model-d7180000067743-1, PRU_jgi_Orpsp1_1_1189496_evm-model-d7180000072449-1, PRU_jgi_Orpsp1_1_1189552_evm-model-d7180000072822-1, PRU_jgi_Orpsp1_1_1190081_evm-model-d7180000076477-1, PRU_jgi_Orpsp1_1_1190099_evm-model-d7180000076572-1, PRU_jgi_Orpsp1_1_1191494_evm-model-d7180000086322-1, PRU_jgi_Orpsp1_1_1192235_evm-model-d7180000091609-1, PRU_jgi_Orpsp1_1_1192242_evm-model-d7180000091646-1, PRU_jgi_Orpsp1_1_1192248_evm-model-d7180000091696-1, PRU_jgi_Orpsp1_1_1192377_evm-model-d7180000092750-1, PRU_jgi_Orpsp1_1_1192931_evm-model-d7180000096991-1",2,"Secreted, Not",0,NA,496,15,"BNR, BNR_2, BNR_6, CBM_10, Sortilin-Vps10, DUF5894, Glyco_hydro_6, MetallophosN, Cellulase, Trypan_PARP, Dicty_REP, CLP1_N, DUF3439, Noda_Vmethyltr, SASA, SSP160, Glyco_hydro_114, DsbC_N, PilJ_C, Secretin_N_2, Glyco_hydro_45, Menin, Orf78, DUF3800, PemK_toxin, PLAC, Serpin, Glyco_hydro_42, Ricin_B_lectin, RicinB_lectin_2, CBM_6, DUF5010_C, Glyco_hydro_43, DUF4868, DUF295, Metallophos, Pur_ac_phosph_N, Peptidase_S9, TMEM154, Pox_EPC_I2-L1, DivIVA, Conotoxin, SUIM_assoc, Fn3-like, Glyco_hydro_3, Glyco_hydro_3_C, Toxin_8, AP_endonuc_2, DUF5484, DUF5348, DUF6330, Expansin_C, AhpC-TSA, CBM_1, Mucin, Abhydrolase_1, Abhydrolase_6, Abhydrolase_2, AXE1, Esterase_PHB, MGC-24, FSA_C, AJAP1_PANP_C, CBP30, DUF5852, Med13_C, Med3, PhoD_N, DUF5024, CotH, Ribosom_S30AE_C, DPBB_1, Glyco_hydro_10, Tir_receptor_C, Arc_trans_TRASH, DUF1771, Inhibitor_I66, Neocarzinostat, Cys_Knot_tox, Hydrolase_4, 2CSK_N, Chlorophyllase2, Esterase, Polysacc_deac_1, Med13_N, Glyco_hydr_30_2, Glyco_hydro_59, LRR_1, LRR_2, LRR_4, LRR_6, LRR_8, Tantalus, Rsm22, DUF2704, Herpes_LMP1, Lipase_GDSL, Lipase_GDSL_2, PRTRC_E, Glyco_hydro_9, Protein_K, DUF1673, DUF3644, BAT2_N, E_Pc_C, GKAP, DUF3404, Ral, Peptidase_M3, TOP_N, SWI-SNF_Ssr4, Toxin_12, HNF-1_N, Tetraspanin, SprA-related, DUF3530, DUF4512, SPESP1, DUF4219, Retrotran_gag_2, Retrotran_gag_3, rve, rve_3, RVT_2, DUF4444, CHB_HEX_C_1, Fn3_assoc, DHC_N1, Sporozoite_P67, DUF6465, RNA_pol_Rpb1_3, DAG1, Lectin_C_term, SNAP-25, ORC6, Glyco_hydro_5_C, N-glycanase_C, DUF3039, Big_11, hSH3, Neuromodulin_N, BSP_II, EF-hand_8",143
"Group 73",1,"Basidiomycota",1,"mycorrhizal",1,"Plant",1,"Mutualist",1,"6C/NA/NA",1,"TMA",3,"TMA_KAF8218574-1, TMA_KAF8235122-1, TMA_KAF8235714-1",1,"Not",0,NA,483,16,"Plavaka, Flu_PA",2
"Group 74",1,"Oomycota ",1,"Plant pathogen",1,"Plant",1,"Pathogen",1,"6C/NA/NA",2,"PIN, PEF",2,"PIN_XP_002902523-1, PEF_RQM14193-1",1,"Not",0,NA,706,16,"ECF_trnsprt, PAP2, YfhO",3
"Group 75",2,"Mucoromycota, Basidiomycota",2,"Saprotroph, Human pathogen",1,"Human",2,"Saprotroph, Pathogen",1,"6C/NA/NA",2,"URA, CNE",2,"URA_jgi_Umbra1_211524_estExt_Genewise1Plus-C_390003, CNE_XP_568347-1",1,"Not",0,NA,524,13,"MFS_1, Sugar_tr, MFS_4, MFS_2, SBF",5
"Group 76",2,"Ascomycota, Mucoromycota",2,"Insect mutualist, Saprotroph",1,"Insect",2,"Mutualist, Saprotroph",1,"6C/NA/NA",3,"FFL, URA, FOL",3,"FFL_RSL82311-1, URA_jgi_Umbra1_227208_fgenesh1_kg-9___269___combest_scaffold_9_145008, FOL_RSM05167-1",1,"Not",0,NA,477,8,"MFS_1, CDP-OH_P_transf, MFS_4",3
"Group 77",1,"Ascomycota",2,"Plant pathogen, Marine fungus",1,"Plant",2,"Pathogen, Saprotroph",1,"6C/NA/NA",3,"VNO, CPA, CMA",3,"VNO_XP_028499451-1, CPA_KAF3768918-1, CMA_jgi_Corma2_736035_gm1-1687_g",1,"Not",0,NA,510,17,"7tm_2, DUF6170, DUF4131, DUF5372",4
"Group 78",1,"Basidiomycota",1,"mycorrhizal",1,"Plant",1,"Mutualist",1,"6C/NA/NA",1,"TMA",2,"TMA_KAF8229859-1, TMA_KAF8239700-1",1,"Not",0,NA,141,8,NA,0
"Group 79",1,"Ascomycota",2,"Plant pathogen (Magnaporthe oryzae), Insect pathogen",2,"Plant, Insect",1,"Pathogen",1,"6C/Hyd1/NA",2,"POR, MAN",2,"POR_XP_003720513-1, MAN_KID65917-1",1,"Secreted",2,"XPA_XPH1, MOR_MPG1",107,8,"Hydrophobin",1
"Group 8",1,"Mucoromycota",1,"Mycorrhizal",1,"Plant",1,"Mutualist",1,"6C/NA/NA",1,"RMI",3,"RMI_XP_023462804-1, RMI_XP_023462805-1, RMI_XP_023464313-1",1,"Secreted",0,NA,340,20,"Dicty_REP, CBM_1, Mucin, SOG2, Glyco_hydro_45, DLIC, Nucleo_P87, Menin, APC_u15, DUF908",10
"Group 80",2,"Ascomycota, Chytridiomycota",2,"Plant pathogen, Chytrid",1,"Plant",2,"Pathogen, Saprotroph",1,"6C/NA/NA",2,"CPA, SPU",2,"CPA_KAF3769046-1, SPU_XP_016612341-1",1,"Not",0,NA,586,10,"MFS_1, DUF2418, DUF3810, TRI12, ERGIC_N, Ysc84",6
"Group 81",1,"Basidiomycota",1,"saprotroph",0,NA,1,"Saprotroph",1,"6C/NA/NA",1,"SST",2,"SST_KIJ42472-1, SST_KIJ47093-1",1,"Not",0,NA,326,18,"Cation_efflux, DUF21, DUF2339, DUF4941, DUF202",5
"Group 82",1,"Ascomycota",1,"Model filamentous fungus",0,NA,1,"Saprotroph",1,"6C/NA/NA",1,"NCR",1,"NCR_XP_963300-1",1,"Secreted",1,"NCR_EAS",108,8,NA,0
"Group 83",1,"Blastocladiomycota",1,"Chytrid",0,NA,1,"Saprotroph",1,"6C/NA/NA",1,"AMA",4,"AMA_KNE70703-1, AMA_KNE70713-1, AMA_KNE70714-1, AMA_KNE70730-1",1,"Not",0,NA,738,14,"F-box-like, EAD1",2
"Group 84",6,"Ascomycota, Basidiomycota, Mucoromycota, Zoopagomycota, Blastocladiomycota, Chytridiomycota",14,"Plant pathogen, saprotroph, mycorrhizal, Millipede associated, Insect pathogen, Human pathogen, Saprotroph, plant endophyte, Kickxellomycotina, Insect egg mimic, Antagonistic to plant pathogens, Marine fungus, Chytrid, Insect mutualist",4,"Plant, Arthropod, Insect, Human",4,"Pathogen, Saprotroph, Mutualist, Parasite",1,"6C/NA/NA",20,"ENE, SST, TMA, AAM, VNO, CTH, CIM, BME, EFE, CRE, ASP, THA, OCA, FPI, EMU, CMA, AMA, SPU, LGO, MAN",25,"ENE_jgi_Erynec1_1238_EV44_g5175T0, SST_KIJ49687-1, TMA_KAF8223780-1, TMA_KAF8236060-1, AAM_KAG0250091-1, VNO_XP_028493846-1, CTH_jgi_Conth1_288377_e_gw1-27-18-1, CTH_jgi_Conth1_341529_estExt_fgenesh1_pg-C_560009, CIM_XP_001245948-2, CIM_XP_001247031-1, BME_ORX84354-1, EFE_QPH16596-1, CRE_PIA13819-1, ASP_KAF7985088-1, THA_XP_024771412-1, OCA_KAF4591586-1, FPI_EPT04687-1, EMU_KAF7741567-1, CMA_jgi_Corma2_767270_estExt_Genemark1-C_110064, AMA_KNE57654-1, AMA_KNE71480-1, SPU_XP_016611928-1, LGO_jgi_LeugonAS2_1_2241639_MIX38616_11839_38, LGO_jgi_LeugonAS2_1_2257759_MIX54736_2828_50, MAN_KID69715-1",1,"Not",0,NA,826,16,"Voltage_CLC, CBS, Cypo_polyhedrin, TgpA_N, LacI, DUF4644, TEX29, UPF0220, TMEM72, TAT_signal, DUF2407_C, DUF3938, PDR_CDR, CCB1, CBP_BcsO, BNIP3",16
"Group 85",1,"Basidiomycota",1,"saprotroph",0,NA,1,"Saprotroph",1,"6C/Hyd1/NA",1,"SST",1,"SST_KIJ25017-1",1,"Secreted",1,"PCA_HYDX",109,8,"Hydrophobin",1
"Group 86",1,"Basidiomycota",1,"saprotroph",0,NA,1,"Saprotroph",1,"NA/Hyd1/NA",1,"SST",2,"SST_KIJ28306-1, SST_KIJ43880-1",1,"Secreted",0,NA,118,6,"Hydrophobin",1
"Group 87",1,"Mucoromycota",1,"Mycorrhizal",1,"Plant",1,"Mutualist",1,"6C/NA/NA",1,"RIR",2,"RIR_XP_025182959-1, RIR_XP_025183624-1",1,"Secreted",0,NA,106,10,NA,0
"Group 88",1,"Zoopagomycota",1,"Insect pathogen",1,"Insect",1,"Pathogen",1,"6C/NA/NA",1,"EMU",5,"EMU_KAF7726291-1, EMU_KAF7751127-1, EMU_KAF7751827-1, EMU_KAF7752836-1, EMU_KAF7757647-1",1,"Not",0,NA,274,10,"DUF1179",1
"Group 89",1,"Chytridiomycota",1,"Formerly Orpinomyces",1,"Animal",1,"Mutualist",1,"6C/NA/NA",1,"PRU",6,"PRU_jgi_Orpsp1_1_1179755_evm-model-c7180000070662-1, PRU_jgi_Orpsp1_1_1181526_evm-model-c7180000077511-1, PRU_jgi_Orpsp1_1_1174970_evm-model-c7180000052169-1, PRU_jgi_Orpsp1_1_1179795_evm-model-c7180000070759-1, PRU_jgi_Orpsp1_1_1179931_evm-model-c7180000071410-1, PRU_jgi_Orpsp1_1_1180774_evm-model-c7180000074592-2",2,"Secreted, Not",0,NA,450,13,"CBM_1, Glyco_hydro_10, Conotoxin, PPR_2, MSA-2c, Trypan_PARP, Menin, Nucleo_P87, TFIIA, Androgen_recep, Presenilin, Spore_coat_CotO, Suf, CCDC53, DUF2464, DUF4106, DUF5327, FNIP_N, PAT1, Pox_Ag35, CLEC16A_C, RR_TM4-6, CT47, DrrA_P4M, Lin-8",25
"Group 9",1,"Oomycota ",1,"Plant pathogen",1,"Plant",1,"Pathogen",1,"6C/NA/NA",2,"PIN, PEF",5,"PIN_XP_002998493-1, PIN_XP_002998494-1, PIN_XP_002998495-1, PEF_RQM15584-1, PEF_RQM15585-1",1,"Secreted",0,NA,404,17,"T4SS_pilin, dsrm, ASFV_J13L, Tafi-CsgC, Citrate_bind, TMEM72, EphA2_TM, Gram_pos_anchor, TMEM154, DUF2207, DUF4381, OSTbeta, PseudoU_synth_1, SIT, Spore_YhaL",15
"Group 90",1,"Mucoromycota",2,"Millipede associated, Mycorrhizal",2,"Arthropod, Plant",1,"Mutualist",1,"6C/NA/NA",2,"NSP, RMI",2,"NSP_KAG0175419-1, RMI_XP_023465855-1",1,"Not",0,NA,284,9,"ABC2_membrane_3, Tetraspanin, DUF202, DUF2981, DUF308, DUF3784, Sdh_cyt",7
"Group 91",1,"Basidiomycota",1,"saprotroph",0,NA,1,"Saprotroph",1,"6C/NA/NA",1,"SST",2,"SST_KIJ31767-1, SST_KIJ32252-1",1,"Not",0,NA,568,17,"FAR1, Gag_p30, MULE",3
"Group 92",1,"Ascomycota",3,"Plant pathogen, Insect pathogen, Antagonistic to plant pathogens",2,"Plant, Insect",2,"Pathogen, Mutualist",2,"6C/NA/Hyd2, NA/NA/Hyd2",3,"VNO, CMI, THA",3,"VNO_XP_028497054-1, CMI_XP_006672055-1, THA_XP_024777851-1",1,"Secreted",0,NA,100,7,"Hydrophobin_2",1
"Group 93",1,"Mucoromycota",1,"Mycorrhizal",1,"Plant",1,"Mutualist",1,"6C/NA/NA",1,"RIR",2,"RIR_XP_025167256-1, RIR_XP_025189290-1",1,"Not",0,NA,644,30,"ABC1, APH, PK_Tyr_Ser-Thr, Pkinase, Glyco_hydro_26, Kdo",6
"Group 94",1,"Basidiomycota",1,"Plant pathogen",1,"Plant",1,"Pathogen",1,"6C/NA/NA",1,"FPI",2,"FPI_EPS93231-1, FPI_EPS93863-1",1,"Not",0,NA,636,9,"Pkinase, Pkinase_fungal, RIO1",3
"Group 95",4,"Zoopagomycota, Ascomycota, Cryptomycota, Mucoromycota",7,"Insect pathogen, Human pathogen, Saprotroph, Cryptomycota - intracellular parasite, Plant pathogen (Magnaporthe oryzae), Insect mutualist, Mycorrhizal",4,"Insect, Human, Fungi, Plant",4,"Pathogen, Saprotroph, Parasite, Mutualist",1,"6C/NA/NA",10,"MCI, CTH, CIM, BME, RAL, POR, FFL, URA, FOL, RMI",10,"MCI_L0F63_000736-T1, CTH_jgi_Conth1_362160_estExt_Genemark1-C_50073, CIM_XP_001247733-2, BME_ORX98966-1, RAL_EPZ34918-1, POR_XP_003717407-1, FFL_RSL67394-1, URA_jgi_Umbra1_262730_fgenesh1_kg-100___35___combest_scaffold_100_7588, FOL_RSL94328-1, RMI_XP_023467407-1",2,"Secreted, Not",0,NA,633,42,"Disintegrin, Pep_M12B_propep, Reprolysin, Reprolysin_2, Reprolysin_3, Reprolysin_4, Reprolysin_5, ADAM_CR_2, EphA2_TM, DUF5734, Peptidase_M66, Zincin_1, NPCBM, Peptidase_M10, LapA_dom, DUF4953, Peptidase_M57, TMEM154, KASH",19
"Group 96",3,"Mucoromycota, Basidiomycota, Chytridiomycota",4,"Saprotroph, mycorrhizal, Mycorrhizal, Chytrid",1,"Plant",2,"Saprotroph, Mutualist",1,"6C/NA/NA",5,"URA, TMA, RIR, SPU, RMI",5,"URA_jgi_Umbra1_224472_fgenesh1_kg-6___577___combest_scaffold_6_117588, TMA_KAF8230137-1, RIR_XP_025181937-1, SPU_XP_016605999-1, RMI_XP_023467891-1",1,"Not",0,NA,269,9,"DSPc, CDKN3, PTPlike_phytase, Y_phosphatase, Y_phosphatase3, DUF4533",6
"Group 97",1,"Ascomycota",2,"Insect pathogen, Plant pathogen (Magnaporthe oryzae)",2,"Insect, Plant",1,"Pathogen",1,"6C/NA/NA",2,"OCA, POR",2,"OCA_KAF4591979-1, POR_XP_003715445-1",1,"Not",0,NA,176,14,"PLAC8, CCER1, HEV_ORF1",3
"Group 98",1,"Ascomycota",1,"Insect mutualist",1,"Insect",1,"Mutualist",1,"6C/NA/NA",2,"FFL, FOL",2,"FFL_RSL69600-1, FOL_RSM06746-1",1,"Not",0,NA,680,12,"CoA_binding_3, SSF",2
"Group 99",1,"Ascomycota",1,"Insect mutualist",1,"Insect",1,"Mutualist",1,"6C/NA/NA",2,"FFL, FOL",2,"FFL_RSL89167-1, FOL_RSM15314-1",2,"Secreted, Not",0,NA,345,16,"Granulin, Lustrin_cystein, Ribosomal_S5_C",3
